course,acc,speed,yaw,yawrate
51.27756,0.4,4.5234,5.635146,0.1
51.27756,0.3,4.5230,5.635146,0.1
51.27749,0.37,4.5237,5.635145,0.1
51.27747,0.33,4.5232,5.635144,0.1
51.27745,0.33,4.5231,5.635142,0.1
51.27745,0.28,4.5228,5.635142,0.1
51.27748,0.25,4.5225,5.635146,0.1
51.27750,0.27,4.5228,5.635148,0.1
51.27750,0.29,4.5230,5.635148,0.1